{"cameraMode":{"drawMode":0,"name":"Shaded","section":"Shading Mode"},"sceneLighting":true,"audioPlay":false,"sceneViewState":{"m_AlwaysRefresh":false,"showFog":true,"showSkybox":true,"showFlares":true,"showImageEffects":true,"showParticleSystems":true,"showVisualEffectGraphs":true,"m_FxEnabled":true},"in2DMode":false,"pivot":{"x":497.02874755859377,"y":7.64696741104126,"z":310.1412353515625},"rotation":{"x":0.3370729982852936,"y":-0.012461984530091286,"z":0.004327575210481882,"w":0.9414672255516052},"size":4.196928977966309,"orthographic":false}