{"cameraMode":{"drawMode":0,"name":"Shaded","section":"Shading Mode"},"sceneLighting":true,"audioPlay":false,"sceneViewState":{"m_AlwaysRefresh":false,"showFog":true,"showSkybox":true,"showFlares":true,"showImageEffects":true,"showParticleSystems":true,"showVisualEffectGraphs":true,"m_FxEnabled":true},"in2DMode":false,"pivot":{"x":495.8768005371094,"y":6.294381141662598,"z":308.9853820800781},"rotation":{"x":0.33414673805236819,"y":0.02569502964615822,"z":-0.009246758185327053,"w":0.9422059059143066},"size":2.727224111557007,"orthographic":false}