{"cameraMode":{"drawMode":0,"name":"Shaded","section":"Shading Mode"},"sceneLighting":false,"audioPlay":false,"sceneViewState":{"m_AlwaysRefresh":false,"showFog":true,"showSkybox":false,"showFlares":true,"showImageEffects":true,"showParticleSystems":true,"showVisualEffectGraphs":true,"m_FxEnabled":true},"in2DMode":false,"pivot":{"x":0.10267704725265503,"y":0.6018277406692505,"z":0.02290666103363037},"rotation":{"x":0.32987844944000246,"y":-0.02691223844885826,"z":0.009387440979480744,"w":0.9436176419258118},"size":1.2098808288574219,"orthographic":false}