{"cameraMode":{"drawMode":0,"name":"Shaded","section":"Shading Mode"},"sceneLighting":true,"audioPlay":false,"sceneViewState":{"m_AlwaysRefresh":false,"showFog":true,"showSkybox":true,"showFlares":true,"showImageEffects":true,"showParticleSystems":true,"showVisualEffectGraphs":true,"m_FxEnabled":true},"in2DMode":false,"pivot":{"x":494.1913146972656,"y":7.165511608123779,"z":309.0007019042969},"rotation":{"x":0.20581060647964478,"y":-0.017916765064001085,"z":0.0038395787123590709,"w":0.9785071015357971},"size":3.1322991847991945,"orthographic":false}