{"cameraMode":{"drawMode":0,"name":"Shaded","section":"Shading Mode"},"sceneLighting":false,"audioPlay":false,"sceneViewState":{"m_AlwaysRefresh":false,"showFog":true,"showSkybox":false,"showFlares":true,"showImageEffects":true,"showParticleSystems":true,"showVisualEffectGraphs":true,"m_FxEnabled":true},"in2DMode":false,"pivot":{"x":-0.026870742440223695,"y":0.4064658284187317,"z":-0.0279654860496521},"rotation":{"x":0.32987844944000246,"y":-0.02691223844885826,"z":0.009387440979480744,"w":0.9436176419258118},"size":0.8088638782501221,"orthographic":false}