{"cameraMode":{"drawMode":0,"name":"Shaded","section":"Shading Mode"},"sceneLighting":false,"audioPlay":false,"sceneViewState":{"m_AlwaysRefresh":false,"showFog":true,"showSkybox":false,"showFlares":true,"showImageEffects":true,"showParticleSystems":true,"showVisualEffectGraphs":true,"m_FxEnabled":true},"in2DMode":false,"pivot":{"x":0.8587811589241028,"y":0.6799724698066711,"z":0.004037968814373016},"rotation":{"x":0.24676351249217988,"y":0.1789989024400711,"z":-0.046451423317193988,"w":0.951291024684906},"size":1.167199969291687,"orthographic":false}