{"cameraMode":{"drawMode":0,"name":"Shaded","section":"Shading Mode"},"sceneLighting":false,"audioPlay":false,"sceneViewState":{"m_AlwaysRefresh":false,"showFog":true,"showSkybox":false,"showFlares":true,"showImageEffects":true,"showParticleSystems":true,"showVisualEffectGraphs":true,"m_FxEnabled":true},"in2DMode":false,"pivot":{"x":0.07894396781921387,"y":0.20734405517578126,"z":-0.028427183628082277},"rotation":{"x":0.32987844944000246,"y":-0.02691223844885826,"z":0.009387440979480744,"w":0.9436176419258118},"size":0.6371241211891174,"orthographic":false}