{"cameraMode":{"drawMode":0,"name":"Shaded","section":"Shading Mode"},"sceneLighting":false,"audioPlay":false,"sceneViewState":{"m_AlwaysRefresh":false,"showFog":true,"showSkybox":false,"showFlares":true,"showImageEffects":true,"showParticleSystems":true,"showVisualEffectGraphs":true,"m_FxEnabled":true},"in2DMode":false,"pivot":{"x":0.061279475688934329,"y":0.23717835545539857,"z":-0.008832290768623352},"rotation":{"x":0.24676351249217988,"y":0.1789989024400711,"z":-0.046451423317193988,"w":0.951291024684906},"size":0.6059520840644836,"orthographic":false}