{"cameraMode":{"drawMode":0,"name":"Shaded","section":"Shading Mode"},"sceneLighting":false,"audioPlay":false,"sceneViewState":{"m_AlwaysRefresh":false,"showFog":true,"showSkybox":false,"showFlares":true,"showImageEffects":true,"showParticleSystems":true,"showVisualEffectGraphs":true,"m_FxEnabled":true},"in2DMode":false,"pivot":{"x":1.7522553205490113,"y":2.489969253540039,"z":-6.979983329772949},"rotation":{"x":0.24676351249217988,"y":0.1789989024400711,"z":-0.046451423317193988,"w":0.951291024684906},"size":0.19305862486362458,"orthographic":false}