{"cameraMode":{"drawMode":0,"name":"Shaded","section":"Shading Mode"},"sceneLighting":false,"audioPlay":false,"sceneViewState":{"m_AlwaysRefresh":false,"showFog":true,"showSkybox":false,"showFlares":true,"showImageEffects":true,"showParticleSystems":true,"showVisualEffectGraphs":true,"m_FxEnabled":true},"in2DMode":false,"pivot":{"x":-0.000048995018005371094,"y":0.5813390016555786,"z":-5.364418029785156e-7},"rotation":{"x":0.23549561202526093,"y":-0.14083421230316163,"z":0.03449225798249245,"w":0.9610247611999512},"size":0.730330765247345,"orthographic":false}