{"cameraMode":{"drawMode":0,"name":"Shaded","section":"Shading Mode"},"sceneLighting":false,"audioPlay":false,"sceneViewState":{"m_AlwaysRefresh":false,"showFog":true,"showSkybox":false,"showFlares":true,"showImageEffects":true,"showParticleSystems":true,"showVisualEffectGraphs":true,"m_FxEnabled":true},"in2DMode":false,"pivot":{"x":-0.01886168122291565,"y":-0.009761124849319458,"z":-0.3303878903388977},"rotation":{"x":0.24676351249217988,"y":0.1789989024400711,"z":-0.046451423317193988,"w":0.951291024684906},"size":0.3722236752510071,"orthographic":false}