{"cameraMode":{"drawMode":0,"name":"Shaded","section":"Shading Mode"},"sceneLighting":false,"audioPlay":false,"sceneViewState":{"m_AlwaysRefresh":false,"showFog":true,"showSkybox":false,"showFlares":true,"showImageEffects":true,"showParticleSystems":true,"showVisualEffectGraphs":true,"m_FxEnabled":true},"in2DMode":false,"pivot":{"x":0.0022212564945220949,"y":0.44557487964630129,"z":-0.005186200141906738},"rotation":{"x":0.23549561202526093,"y":-0.14083421230316163,"z":0.03449225798249245,"w":0.9610247611999512},"size":0.671471357345581,"orthographic":false}