{"cameraMode":{"drawMode":0,"name":"Shaded","section":"Shading Mode"},"sceneLighting":false,"audioPlay":false,"sceneViewState":{"m_AlwaysRefresh":false,"showFog":true,"showSkybox":false,"showFlares":true,"showImageEffects":true,"showParticleSystems":true,"showVisualEffectGraphs":true,"m_FxEnabled":true},"in2DMode":false,"pivot":{"x":-1.1134999990463257,"y":7.294343948364258,"z":-0.03358769416809082},"rotation":{"x":0.23549561202526093,"y":-0.14083421230316163,"z":0.03449225798249245,"w":0.9610247611999512},"size":8.905096054077149,"orthographic":false}