{"cameraMode":{"drawMode":0,"name":"Shaded","section":"Shading Mode"},"sceneLighting":false,"audioPlay":false,"sceneViewState":{"m_AlwaysRefresh":false,"showFog":true,"showSkybox":false,"showFlares":true,"showImageEffects":true,"showParticleSystems":true,"showVisualEffectGraphs":true,"m_FxEnabled":true},"in2DMode":false,"pivot":{"x":-2.1350960731506349,"y":0.9688425064086914,"z":-11.227578163146973},"rotation":{"x":0.24676351249217988,"y":0.1789989024400711,"z":-0.046451423317193988,"w":0.951291024684906},"size":2.0640347003936769,"orthographic":false}