{"cameraMode":{"drawMode":0,"name":"Shaded","section":"Shading Mode"},"sceneLighting":false,"audioPlay":false,"sceneViewState":{"m_AlwaysRefresh":false,"showFog":true,"showSkybox":false,"showFlares":true,"showImageEffects":true,"showParticleSystems":true,"showVisualEffectGraphs":true,"m_FxEnabled":true},"in2DMode":false,"pivot":{"x":191.48648071289063,"y":74.68146514892578,"z":135.88011169433595},"rotation":{"x":-0.002868210431188345,"y":0.9724027514457703,"z":-0.011970723047852517,"w":-0.23302102088928224},"size":1573.1240234375,"orthographic":false}